"2007, 2012, 2017, 2022 Crosswalk for Census Industry Codes and NAICS Codes ",Unnamed: 1,Unnamed: 2,Unnamed: 3,Unnamed: 4,Unnamed: 5,Unnamed: 6,Unnamed: 7,Unnamed: 8,Unnamed: 9,Unnamed: 10,Unnamed: 11,Unnamed: 12,Unnamed: 13,Unnamed: 14
9/9/2024,,,,,,,,,,,,,,
,,,,,,,,,,,,,,
Data user note: ,,,,,,,,,,,,,,
"Highlighted and bolded cells indicate where there was a change to the Census industry code, a change to the Census industry description and/or a change to the NAICS code. ",,,,,,,,,,,,,,
,,,,,,,,,,,,,,
2007 Census Industry Code,2007 NAICS Code,2007 Census Industry Description,,2012 Census Industry Code,2012 NAICS code,2012 Census Industry Description,,2017 Census Industry Code,2017 NAICS code,2017 Census Industry Description,,2022 Census Industry Code,2022 NAICS code,2022 Census Industry Description
0170,111,Crop production  ,,0170,111,Crop production  ,,0170,111,Crop production  ,,0170,111,Crop production  
0180,112,Animal production  ,,0180,112,Animal production and aquaculture,,0180,112,Animal production and aquaculture,,0180,112,Animal production and aquaculture
0190,"1131, 1132",Forestry except logging ,,0190,"1131, 1132",Forestry except logging ,,0190,"1131, 1132",Forestry except logging ,,0190,"1131, 1132",Forestry except logging 
0270,1133,Logging ,,0270,1133,Logging ,,0270,1133,Logging ,,0270,1133,Logging 
0280,114,"Fishing, hunting and trapping ",,0280,114,"Fishing, hunting and trapping ",,0280,114,"Fishing, hunting and trapping ",,0280,114,"Fishing, hunting and trapping "
0290,115,Support activities for agriculture and forestry ,,0290,115,Support activities for agriculture and forestry ,,0290,115,Support activities for agriculture and forestry ,,0290,115,Support activities for agriculture and forestry 
0370,211,Oil and gas extraction ,,0370,211,Oil and gas extraction ,,0370,211,Oil and gas extraction ,,0370,211,Oil and gas extraction 
0380,2121,Coal mining ,,0380,2121,Coal mining ,,0380,2121,Coal mining ,,0380,2121,Coal mining 
0390,2122,Metal ore mining ,,0390,2122,Metal ore mining ,,0390,2122,Metal ore mining ,,0390,2122,Metal ore mining 
0470,2123,Nonmetallic mineral mining and quarrying ,,0470,2123,Nonmetallic mineral mining and quarrying ,,0470,2123,Nonmetallic mineral mining and quarrying ,,0470,2123,Nonmetallic mineral mining and quarrying 
0480,Part of 21,Not specified type of mining,,0480,Part of 21,Not specified type of mining,,0480,Part of 21,Not specified type of mining,,0480,Part of 21,Not specified type of mining
0490,213,Support activities for mining ,,0490,213,Support activities for mining ,,0490,213,Support activities for mining ,,0490,213,Support activities for mining 
0570,2211,"Electric power generation, transmission and distribution",,0570,2211,"Electric power generation, transmission and distribution",,0570,2211,"Electric power generation, transmission and distribution",,0570,2211,"Electric power generation, transmission and distribution"
0580,2212,Natural gas distribution ,,0580,2212,Natural gas distribution ,,0580,2212,Natural gas distribution ,,0580,2212,Natural gas distribution 
0590,"Pts. 2211, 2212","Electric and gas, and other combinations ",,0590,"Pts. 2211, 2212","Electric and gas, and other combinations ",,0590,"Pts. 2211, 2212","Electric and gas, and other combinations ",,0590,"Pts. 2211, 2212","Electric and gas, and other combinations "
0670,"22131, 22133","Water, steam, air-conditioning, and irrigation systems ",,0670,"22131, 22133","Water, steam, air-conditioning, and irrigation systems ",,0670,"22131, 22133","Water, steam, air-conditioning, and irrigation systems ",,0670,"22131, 22133","Water supply and irrigation systems, and steam and air-conditioning supply"
0680,22132,Sewage treatment facilities ,,0680,22132,Sewage treatment facilities ,,0680,22132,Sewage treatment facilities ,,0680,22132,Sewage treatment facilities 
0690,Part of 22 ,Not specified utilities ,,0690,Part of 22 ,Not specified utilities ,,0690,Part of 22 ,Not specified utilities ,,0690,Part of 22 ,Not specified utilities 
0770,23,Construction (the cleaning of buildings and dwellings is incidental during construction and immediately after construction),,0770,23,Construction (the cleaning of buildings and dwellings is incidental during construction and immediately after construction),,0770,23,Construction (the cleaning of buildings and dwellings is incidental during construction and immediately after construction),,0770,23,Construction (the cleaning of buildings and dwellings is incidental during construction and immediately after construction)
1070,"3111, 3112","Animal food, grain and oilseed milling ",,1070,"3111, 3112","Animal food, grain and oilseed milling ",,1070,"3111, 3112","Animal food, grain and oilseed milling ",,1070,"3111, 3112","Animal food, grain and oilseed milling "
1080,3113,Sugar and confectionery products ,,1080,3113,Sugar and confectionery products ,,1080,3113,Sugar and confectionery products ,,1080,3113,Sugar and confectionery products 
1090,3114,Fruit and vegetable preserving and specialty food manufacturing              ,,1090,3114,Fruit and vegetable preserving and specialty food manufacturing              ,,1090,3114,Fruit and vegetable preserving and specialty food manufacturing              ,,1090,3114,Fruit and vegetable preserving and specialty food manufacturing              
1170,3115,Dairy product manufacturing,,1170,3115,Dairy product manufacturing,,1170,3115,Dairy product manufacturing,,1170,3115,Dairy product manufacturing
1180,3116,Animal slaughtering and processing ,,1180,3116,Animal slaughtering and processing ,,1180,3116,Animal slaughtering and processing ,,1180,3116,Animal slaughtering and processing 
1190,311811,Retail bakeries ,,1190,311811,Retail bakeries ,,1190,311811,Retail bakeries ,,1190,311811,Retail bakeries 
1270,3118 exc. 311811,"Bakeries, except retail  ",,1270,3118 exc. 311811,"Bakeries and tortilla manufacturing, except retail bakeries",,1270,3118 exc. 311811,"Bakeries and tortilla manufacturing, except retail bakeries",,1270,3118 exc. 311811,"Bakeries and tortilla manufacturing, except retail bakeries"
1280,"3117, 3119","Seafood and other miscellaneous foods, n.e.c. ",,1280,"3117, 3119","Seafood and other miscellaneous foods, n.e.c. ",,1280,"3117, 3119","Seafood and other miscellaneous foods, n.e.c. ",,1280,"3117, 3119","Seafood and other miscellaneous foods, n.e.c. "
1290,Part of 311,Not specified food industries,,1290,Part of 311,Not specified food industries,,1290,Part of 311,Not specified food industries,,1290,Part of 311,Not specified food industries
1370,3121,Beverage manufacturing,,1370,3121,Beverage manufacturing,,1370,3121,Beverage manufacturing,,1370,3121,Beverage manufacturing
1390,3122,Tobacco manufacturing,,1390,3122,Tobacco manufacturing,,1390,3122,Tobacco manufacturing,,1390,3122,Tobacco manufacturing
1470,3131,"Fiber, yarn, and thread mills ",,1470,3131,"Fiber, yarn, and thread mills ",,1470,3131,"Fiber, yarn, and thread mills ",,1470,3131,"Fiber, yarn, and thread mills "
1480,3132 exc. 31324,"Fabric mills, except knitting mills",,1480,3132 exc. 31324,"Fabric mills, except knitting mills",,1480,3132 exc. 31324,"Fabric mills, except knitting mills",,1480,3132 exc. 31324,"Fabric mills, except knit fabric mills"
1490,3133,Textile and fabric finishing and fabric coating mills ,,1490,3133,Textile and fabric finishing and fabric coating mills ,,1490,3133,Textile and fabric finishing and fabric coating mills ,,1490,3133,Textile and fabric finishing and fabric coating mills 
1570,31411,Carpet and rug mills,,1570,31411,Carpet and rug mills,,1570,31411,Carpet and rug mills,,1570,31411,Carpet and rug mills
1590,314 exc. 31411,"Textile product mills, except carpet and rug",,1590,314 exc. 31411,"Textile product mills, except carpet and rug",,1590,314 exc. 31411,"Textile product mills, except carpet and rug",,1590,314 exc. 31411,"Textile product mills, except carpet and rug"
1670,"31324, 3151","Knitting fabric mills, and apparel knitting mills ",,1670,"31324, 3151","Knitting fabric mills, and apparel knitting mills ",,1670,"31324, 3151","Knitting fabric mills, and apparel knitting mills ",,1670,"31324, 3151","Knit fabric mills, and apparel knitting mills "
1680,3152,Cut and sew apparel manufacturing,,1680,3152,Cut and sew apparel manufacturing,,1691,"3152, 3159","Cut and sew, and apparel accessories and other apparel manufacturing",,1691,"3152, 3159","Cut and sew, and apparel accessories and other apparel manufacturing"
1690,3159,Apparel accessories and other apparel manufacturing,,1690,3159,Apparel accessories and other apparel manufacturing,,1691,"3152, 3159","Cut and sew, and apparel accessories and other apparel manufacturing",,,,
1770,3162,Footwear manufacturing,,1770,3162,Footwear manufacturing,,1770,3162,Footwear manufacturing,,1770,3162,Footwear manufacturing
1790,"3161, 3169",Leather tanning and finishing and other allied products manufacturing,,1790,"3161, 3169",Leather tanning and finishing and other allied products manufacturing,,1790,"3161, 3169","Leather and hide tanning and finishing, and other leather and allied product manufacturing",,1790,"3161, 3169","Leather and hide tanning and finishing, and other leather and allied product manufacturing"
1870,3221,"Pulp, paper, and paperboard mills ",,1870,3221,"Pulp, paper, and paperboard mills ",,1870,3221,"Pulp, paper, and paperboard mills ",,1870,3221,"Pulp, paper, and paperboard mills "
1880,32221,Paperboard containers and boxes ,,1880,32221,Paperboard container manufacturing,,1880,32221,Paperboard container manufacturing,,1880,32221,Paperboard container manufacturing
1890,"32222,32223, 32229",Miscellaneous paper and pulp products  ,,1890,"32222,32223, 32229",Miscellaneous paper and pulp products  ,,1890,"32222,32223, 32229",Miscellaneous paper and pulp products  ,,1890,"32222,32223, 32229",Miscellaneous paper and pulp products manufacturing
1990,3231,Printing and related support activities ,,1990,3231,Printing and related support activities ,,1990,3231,Printing and related support activities ,,1990,3231,Printing and related support activities 
2070,32411,Petroleum refining ,,2070,32411,Petroleum refining ,,2070,32411,Petroleum refining ,,2070,32411,Petroleum refineries
2090,"32412, 32419 ",Miscellaneous petroleum and coal products,,2090,"32412, 32419",Miscellaneous petroleum and coal products ,,2090,"32412, 32419",Miscellaneous petroleum and coal products ,,2090,"32412, 32419","Petroleum and coal products manufacturing, except petroleum refineries"
2170,3252,"Resin, synthetic rubber, and fibers and filaments manufacturing   ",,2170,3252,"Resin, synthetic rubber, and fibers and filaments manufacturing   ",,2170,3252,"Resin, synthetic rubber, and fibers and filaments manufacturing   ",,2170,3252,"Resin, synthetic rubber, and artificial and synthetic fibers and filaments manufacturing"
2180,3253,Agricultural chemical manufacturing  ,,2180,3253,Agricultural chemical manufacturing  ,,2180,3253,Agricultural chemical manufacturing  ,,2180,3253,"Pesticide, fertilizer, and other agricultural chemical manufacturing"
2190,3254,Pharmaceutical and medicine manufacturing,,2190,3254,Pharmaceutical and medicine manufacturing,,2190,3254,Pharmaceutical and medicine manufacturing,,2190,3254,Pharmaceutical and medicine manufacturing
2270,3255,"Paint, coating, and adhesive manufacturing ",,2270,3255,"Paint, coating, and adhesive manufacturing ",,2270,3255,"Paint, coating, and adhesive manufacturing ",,2270,3255,"Paint, coating, and adhesive manufacturing "
2280,3256,"Soap, cleaning compound, and cosmetics manufacturing ",,2280,3256,"Soap, cleaning compound, and cosmetics manufacturing ",,2280,3256,"Soap, cleaning compound, and cosmetics manufacturing ",,2280,3256,"Soap, cleaning compound, and toilet preparation manufacturing"
2290,"3251, 3259",Industrial and miscellaneous chemicals ,,2290,"3251, 3259",Industrial and miscellaneous chemicals ,,2290,"3251, 3259",Industrial and miscellaneous chemicals ,,2290,"3251, 3259","Basic chemical manufacturing, and other chemical product and preparation manufacturing"
2370,3261,Plastics product manufacturing ,,2370,3261,Plastics product manufacturing ,,2370,3261,Plastics product manufacturing ,,2370,3261,Plastics product manufacturing 
2380,32621,Tire manufacturing ,,2380,32621,Tire manufacturing ,,2380,32621,Tire manufacturing ,,2380,32621,Tire manufacturing 
2390,"32622, 32629","Rubber products, except tires, manufacturing ",,2390,"32622, 32629","Rubber products, except tires, manufacturing ",,2390,"32622, 32629","Rubber products, except tires, manufacturing ",,2390,"32622, 32629","Rubber products, except tires, manufacturing "
2470,32711,"Pottery, ceramics, and plumbing fixture manufacturing  ",,2470,32711,"Pottery, ceramics, and plumbing fixture manufacturing  ",,2470,32711,"Pottery, ceramics, and plumbing fixture manufacturing  ",,2470,32711,"Pottery, ceramics, and plumbing fixture manufacturing  "
2480,32712,Structural clay product manufacturing ,,2480,32712,Clay building material and refractories manufacturing,,2480,327120,Clay building material and refractories manufacturing,,2480,32712,Clay building material and refractories manufacturing
2490,3272,Glass and glass product manufacturing ,,2490,3272,Glass and glass product manufacturing ,,2490,3272,Glass and glass product manufacturing ,,2490,3272,Glass and glass product manufacturing 
2570,"3273, 3274","Cement, concrete, lime, and gypsum product manufacturing ",,2570,"3273, 3274","Cement, concrete, lime, and gypsum product manufacturing ",,2570,"3273, 3274","Cement, concrete, lime, and gypsum product manufacturing ",,2570,"3273, 3274","Cement, concrete, lime, and gypsum product manufacturing "
2590,3279,Miscellaneous nonmetallic mineral product manufacturing ,,2590,3279,Miscellaneous nonmetallic mineral product manufacturing ,,2590,3279,Miscellaneous nonmetallic mineral product manufacturing ,,2590,3279,Other nonmetallic mineral product manufacturing 
2670,"3311, 3312",Iron and steel mills and steel product manufacturing  ,,2670,"3311, 3312",Iron and steel mills and steel product manufacturing  ,,2670,"3311, 3312",Iron and steel mills and steel product manufacturing  ,,2670,"3311, 3312",Iron and steel mills and steel product manufacturing  
2680,3313,Aluminum production and processing  ,,2680,3313,Aluminum production and processing  ,,2680,3313,Aluminum production and processing  ,,2680,3313,Alumina and aluminum production and processing
2690,3314,Nonferrous metal (except aluminum) production and processing ,,2690,3314,Nonferrous metal (except aluminum) production and processing ,,2690,3314,Nonferrous metal (except aluminum) production and processing ,,2690,3314,Nonferrous metal (except aluminum) production and processing 
2770,3315,Foundries ,,2770,3315,Foundries ,,2770,3315,Foundries ,,2770,3315,Foundries 
2780,3321,Metal forgings and stampings ,,2780,3321,Metal forgings and stampings ,,2780,3321,Metal forgings and stampings ,,2780,3321,Forging and stamping
2790,3322,Cutlery and hand tool manufacturing  ,,2790,3322,Cutlery and hand tool manufacturing  ,,2790,3322,Cutlery and hand tool manufacturing  ,,2790,3322,Cutlery and handtool manufacturing 
2870,"3323, 3324","Structural metals, and boiler, tank, and shipping container manufacturing ",,2870,"3323, 3324","Structural metals, and boiler, tank, and shipping container manufacturing ",,2870,"3323, 3324","Structural metals, and boiler, tank, and shipping container manufacturing ",,2870,"3323, 3324","Architectural and structural metals, and boiler, tank, and shipping container manufacturing "
2880,3327,"Machine shops; turned product; screw, nut, and bolt manufacturing  ",,2880,3327,"Machine shops; turned product; screw, nut, and bolt manufacturing  ",,2880,3327,"Machine shops; turned product; screw, nut, and bolt manufacturing  ",,2880,3327,"Machine shops; turned product; screw, nut, and bolt manufacturing  "
2890,3328,"Coating, engraving, heat treating, and allied activities ",,2890,3328,"Coating, engraving, heat treating, and allied activities ",,2890,3328,"Coating, engraving, heat treating, and allied activities ",,2890,3328,"Coating, engraving, heat treating, and allied activities "
2970,"332992, 332993, 332994, 332995  ",Ordnance ,,2970,"332992, 332993, 332994",Ordnance ,,2970,"332992, 332993, 332994",Ordnance ,,2970,"332992, 332993, 332994",Ordnance 
2980,"3325, 3326, 3329 exc. 332992, 332993, 332994, 332995",Miscellaneous fabricated metal products manufacturing             ,,2980,"3325, 3326, 3329 exc. 332992, 332993, 332994",Miscellaneous fabricated metal products manufacturing             ,,2980,"3325, 3326, 3329 exc. 332992, 332993, 332994, 332996",Miscellaneous fabricated metal products manufacturing             ,,2980,"3325, 3326, 3329 exc. 332992, 332993, 332994",Miscellaneous fabricated metal product manufacturing  
2990,Part of 331 and 332,Not specified metal industries,,2990,Part of 331 and 332,Not specified metal industries,,2990,Part of 331 and 332,Not specified metal industries,,2990,Part of 331 and 332,Not specified metal industries
3070,33311,Agricultural implement manufacturing ,,3070,33311,Agricultural implement manufacturing ,,3070,33311,Agricultural implement manufacturing ,,3070,33311,Agricultural implement manufacturing 
3080,"33312, 33313","Construction, and mining and oil and gas field machinery manufacturing ",,3080,"33312, 33313","Construction, and mining and oil and gas field machinery manufacturing ",,3080,"33312, 33313","Construction, and mining and oil and gas field machinery manufacturing ",,3080,"33312, 33313","Construction, and mining and oil and gas field machinery manufacturing "
3090,3333,Commercial and service industry machinery manufacturing,,3095,3333,Commercial and service industry machinery manufacturing,,3095,3333,Commercial and service industry machinery manufacturing,,3095,3333,Commercial and service industry machinery manufacturing
,,,,,,,,,,,,,,
3170,3335,Metalworking machinery manufacturing,,3170,3335,Metalworking machinery manufacturing,,3170,3335,Metalworking machinery manufacturing,,3170,3335,Metalworking machinery manufacturing
3180,3336,"Engines, turbines, and power transmission equipment manufacturing ",,3180,3336,"Engine, turbine, and power transmission equipment manufacturing ",,3180,3336,"Engine, turbine, and power transmission equipment manufacturing ",,3180,3336,"Engine, turbine, and power transmission equipment manufacturing"
3190,"3332, 3334, 3339","Machinery manufacturing, n.e.c. ",,3190,"3332, 3334, 3339","Machinery manufacturing, n.e.c. ",,3291,"3332, 3334, 3339, Part of 333","Machinery manufacturing, n.e.c. or not specified",,3291,"3332, 3334, 3339, Part of 333","Machinery manufacturing, n.e.c. or not specified"
3290,Part of 333,Not specified machinery manufacturing,,3290,Part of 333,Not specified machinery manufacturing,,3291,"3332, 3334, 3339, Part of 333","Machinery manufacturing, n.e.c. or not specified",,,,
3360,3341,Computer and peripheral equipment manufacturing,,3365,3341,Computer and peripheral equipment manufacturing,,3365,3341,Computer and peripheral equipment manufacturing,,3365,3341,Computer and peripheral equipment manufacturing
3370,"3342, 3343","Communications, and audio and video equipment manufacturing",,3370,"3342, 3343","Communications, and audio and video equipment manufacturing",,3370,"3342, 3343","Communications, audio, and video equipment manufacturing",,3370,"3342, 3343","Communications, audio, and video equipment manufacturing"
3380,3345,"Navigational, measuring, electromedical, and control instruments manufacturing",,3380,3345,"Navigational, measuring, electromedical, and control instruments manufacturing",,3380,3345,"Navigational, measuring, electromedical, and control instruments manufacturing",,3380,3345,"Navigational, measuring, electromedical, and control instruments manufacturing"
3390,"3344, 3346","Electronic component and product manufacturing, n.e.c. ",,3390,"3344, 3346","Electronic component and product manufacturing, n.e.c. ",,3390,"3344, 3346","Electronic component and product manufacturing, n.e.c. ",,3390,"3344, 3346","Semiconductor, magnetic and optical media, and other electronic component manufacturing"
3470,3352,Household appliance manufacturing ,,3470,3352,Household appliance manufacturing ,,3470,3352,Household appliance manufacturing ,,3470,3352,Household appliance manufacturing 
3490,"3351, 3353, 3359","Electric lighting and electrical equipment manufacturing, and other electrical component manufacturing, n.e.c.",,3490,"3351, 3353, 3359","Electric lighting and electrical equipment manufacturing, and other electrical component manufacturing, n.e.c.",,3490,"3351, 3353, 3359","Electric lighting and electrical equipment manufacturing, and other electrical component manufacturing, n.e.c.",,3490,"3351, 3353, 3359","Electric lighting and electrical equipment manufacturing, and other electrical component manufacturing, n.e.c."
3570,"3361, 3362, 3363",Motor vehicles and motor vehicle equipment manufacturing ,,3570,"3361, 3362, 3363",Motor vehicles and motor vehicle equipment manufacturing ,,3570,"3361, 3362, 3363",Motor vehicles and motor vehicle equipment manufacturing ,,3570,"3361, 3362, 3363",Motor vehicles and motor vehicle equipment manufacturing 
3580,"336411, 336412, 336413",Aircraft and parts manufacturing,,3580,"336411, 336412, 336413",Aircraft and parts manufacturing,,3580,"336411, 336412, 336413",Aircraft and parts manufacturing,,3580,"336411, 336412, 336413","Aircraft, aircraft engine, and aircraft parts manufacturing"
3590,"336414, 336415, 336419",Aerospace products and parts manufacturing ,,3590,"336414, 336415, 336419",Aerospace products and parts manufacturing ,,3590,"336414, 336415, 336419",Aerospace products and parts manufacturing ,,3590,"336414, 336415, 336419",Guided missile and space vehicle and parts manufacturing
3670,3365,Railroad rolling stock manufacturing,,3670,3365,Railroad rolling stock manufacturing,,3670,3365,Railroad rolling stock manufacturing,,3670,3365,Railroad rolling stock manufacturing
3680,3366,Ship and boat building ,,3680,3366,Ship and boat building ,,3680,3366,Ship and boat building ,,3680,3366,Ship and boat building 
3690,3369,Other transportation equipment manufacturing,,3690,3369,Other transportation equipment manufacturing,,3690,3369,Other transportation equipment manufacturing,,3690,3369,Other transportation equipment manufacturing
3770,3211,Sawmills and wood preservation ,,3770,3211,Sawmills and wood preservation ,,3770,3211,Sawmills and wood preservation ,,3770,3211,Sawmills and wood preservation 
3780,3212,"Veneer, plywood, and engineered wood products ",,3780,3212,"Veneer, plywood, and engineered wood products ",,3780,3212,"Veneer, plywood, and engineered wood products ",,3780,3212,"Veneer, plywood, and engineered wood product manufacturing "
3790,"321991, 321992",Prefabricated wood buildings and mobile homes manufacturing,,3790,"321991, 321992",Prefabricated wood buildings and mobile homes manufacturing,,3790,"321991, 321992",Prefabricated wood buildings and mobile homes manufacturing,,3790,"321991, 321992",Manufactured home (mobile home) and prefabricated wood building manufacturing
3870,"3219 exc. 321991, 321992",Miscellaneous wood product manufacturing,,3875,"3219 exc. 321991, 321992",Miscellaneous wood products,,3875,"3219 exc. 321991, 321992",Miscellaneous wood products,,3875,"3219 exc. 321991, 321992",Miscellaneous wood product manufacturing
3890,337,Furniture and related product manufacturing ,,3895,337,Furniture and related product manufacturing ,,3895,337,Furniture and related product manufacturing ,,3895,337,Furniture and related product manufacturing 
3960,3391,Medical equipment and supplies manufacturing,,3960,3391,Medical equipment and supplies manufacturing,,3960,3391,Medical equipment and supplies manufacturing,,3960,3391,Medical equipment and supplies manufacturing
3970,"33992, 33993","Sporting and athletic goods, and doll, toy and game manufacturing",,3970,"33992, 33993","Sporting and athletic goods, and doll, toy and game manufacturing",,3970,"33992, 33993","Sporting and athletic goods, and doll, toy and game manufacturing",,3970,"33992, 33993","Sporting and athletic goods, and doll, toy and game manufacturing"
3980,"3399 exc. 33992, 33993","Miscellaneous manufacturing, n.e.c.  ",,3980,"3399 exc. 33992, 33993","Miscellaneous manufacturing, n.e.c.  ",,3980,"3399 exc. 33992, 33993","Miscellaneous manufacturing, n.e.c.  ",,3980,"3399 exc. 33992, 33993","Miscellaneous manufacturing, n.e.c.  "
3990,"Part of 31, 32, 33",Not specified manufacturing industries,,3990,"Part of 31, 32, 33",Not specified manufacturing industries,,3990,"Part of 31, 32, 33",Not specified manufacturing industries,,3990,"Part of 31, 32, 33",Not specified manufacturing industries
4070,4231,"Motor vehicles, parts and supplies merchant wholesalers       ",,4070,4231,Motor vehicle and motor vehicle parts and supplies merchant wholesalers       ,,4070,4231,Motor vehicle and motor vehicle parts and supplies merchant wholesalers       ,,4070,4231,Motor vehicle and motor vehicle parts and supplies merchant wholesalers
4080,4232,Furniture and home furnishing merchant wholesalers   ,,4080,4232,Furniture and home furnishing merchant wholesalers   ,,4080,4232,Furniture and home furnishing merchant wholesalers   ,,4080,4232,Furniture and home furnishing merchant wholesalers   
4090,4233,Lumber and other construction materials merchant wholesalers ,,4090,4233,Lumber and other construction materials merchant wholesalers ,,4090,4233,Lumber and other construction materials merchant wholesalers ,,4090,4233,Lumber and other construction materials merchant wholesalers 
4170,4234,Professional and commercial equipment and supplies merchant wholesalers,,4170,4234,Professional and commercial equipment and supplies merchant wholesalers,,4170,4234,Professional and commercial equipment and supplies merchant wholesalers,,4170,4234,Professional and commercial equipment and supplies merchant wholesalers
4180,4235,"Metals and minerals, except petroleum, merchant wholesalers                         ",,4180,4235,"Metals and minerals, except petroleum, merchant wholesalers                         ",,4180,4235,"Metals and minerals, except petroleum, merchant wholesalers                         ",,4180,4235,"Metal and mineral, except petroleum, merchant wholesalers    "
4190,4236,Electrical and electronic goods merchant wholesalers ,,4195,4236,Household appliances and electrical and electronic goods merchant wholesalers,,4195,4236,Household appliances and electrical and electronic goods merchant wholesalers,,4195,4236,Household appliances and electrical and electronic goods merchant wholesalers
4260,4237,"Hardware, plumbing and heating equipment, and supplies merchant wholesalers",,4265,4237,"Hardware, plumbing and heating equipment, and supplies merchant wholesalers",,4265,4237,"Hardware, and plumbing and heating equipment, and supplies merchant wholesalers",,4265,4237,"Hardware, and plumbing and heating equipment, and supplies merchant wholesalers"
4270,4238,"Machinery, equipment, and supplies merchant wholesalers     ",,4270,4238,"Machinery, equipment, and supplies merchant wholesalers     ",,4270,4238,"Machinery, equipment, and supplies merchant wholesalers     ",,4270,4238,"Machinery, equipment, and supplies merchant wholesalers     "
4280,42393,Recyclable material merchant wholesalers ,,4280,42393,Recyclable material merchant wholesalers ,,4280,42393,Recyclable material merchant wholesalers ,,4280,42393,Recyclable material merchant wholesalers 
4290,4239 exc. 42393,Miscellaneous durable goods merchant wholesalers    ,,4290,4239 exc. 42393,Miscellaneous durable goods merchant wholesalers    ,,4290,4239 exc. 42393,Miscellaneous durable goods merchant wholesalers    ,,4290,4239 exc. 42393,"Miscellaneous durable goods, except recyclable material, merchant wholesalers"
4370,4241,Paper and paper products merchant wholesalers ,,4370,4241,Paper and paper products merchant wholesalers ,,4370,4241,Paper and paper products merchant wholesalers ,,4370,4241,Paper and paper product merchant wholesalers 
4380,"4242, 4246","Drugs, sundries, and chemical and allied products merchant  wholesalers ",,4380,"4242, 4246","Drugs, sundries, and chemical and allied products merchant  wholesalers ",,4380,"4242, 4246","Drugs, sundries, and chemical and allied products merchant  wholesalers ",,4380,"4242, 4246","Drugs, druggists' sundries, and chemical and allied products merchant  wholesalers "
4390,4243,"Apparel, fabrics, and notions merchant wholesalers ",,4390,4243,"Apparel, piece goods, and notions merchant wholesalers ",,4390,4243,"Apparel, piece goods, and notions merchant wholesalers ",,4390,4243,"Apparel, piece goods, and notions merchant wholesalers"
4470,4244,Groceries and related products merchant wholesalers ,,4470,4244,Grocery and related product merchant wholesalers ,,4470,4244,Grocery and related product merchant wholesalers ,,4470,4244,Grocery and related product merchant wholesalers 
4480,4245,Farm product raw materials merchant wholesalers ,,4480,4245,Farm product raw material merchant wholesalers ,,4480,4245,Farm product raw material merchant wholesalers ,,4480,4245,Farm product raw material merchant wholesalers 
4490,4247,Petroleum and petroleum products merchant wholesalers ,,4490,4247,Petroleum and petroleum products merchant wholesalers ,,4490,4247,Petroleum and petroleum products merchant wholesalers ,,4490,4247,Petroleum and petroleum products merchant wholesalers 
4560,4248,Alcoholic beverages merchant wholesalers ,,4560,4248,Alcoholic beverages merchant wholesalers ,,4560,4248,Alcoholic beverages merchant wholesalers ,,4560,4248,"Beer, wine, and distilled alcoholic beverage merchant wholesalers"
4570,42491,Farm supplies merchant wholesalers ,,4570,42491,Farm supplies merchant wholesalers ,,4570,42491,Farm supplies merchant wholesalers ,,4570,42491,Farm supplies merchant wholesalers 
4580,4249 exc. 42491,Miscellaneous  nondurable goods merchant wholesalers ,,4580,4249 exc. 42491,Miscellaneous  nondurable goods merchant wholesalers ,,4580,4249 exc. 42491,Miscellaneous nondurable goods merchant wholesalers ,,4580,4249 exc. 42491,"Miscellaneous nondurable goods merchant, except farm supplies, wholesalers "
4585,4251,Wholesale electronic markets and agents and brokers ,,4585,4251,Wholesale electronic markets and agents and brokers ,,4585,4251,Wholesale electronic markets and agents and brokers ,,4585,4251,Wholesale trade agents and brokers
4590,Part of 42,Not specified wholesale trade,,4590,Part of 42,Not specified wholesale trade,,4590,Part of 42,Not specified wholesale trade,,4590,Part of 42,Not specified wholesale trade
4670,4411,Automobile dealers ,,4670,4411,Automobile dealers ,,4670,4411,Automobile dealers ,,4670,4411,Automobile dealers 
4680,4412,Other motor vehicle dealers ,,4680,4412,Other motor vehicle dealers ,,4680,4412,Other motor vehicle dealers ,,4681,4412,Other motor vehicle dealers 
4690,4413,"Auto parts, accessories, and tire stores  ",,4690,4413,"Automotive parts, accessories, and tire stores  ",,4690,4413,"Automotive parts, accessories, and tire stores  ",,4691,4413,"Automotive parts, accessories, and tire retailers"
4770,442,Furniture and home furnishings stores ,,4770,442,Furniture and home furnishings stores ,,4770,442,Furniture and home furnishings stores ,,4771,4491,Furniture and home furnishings retailers 
4780,443111,Household appliance stores ,,4780,443141,Household appliance stores ,,4780,443141,Household appliance stores ,,4796,4492,Electronics and appliance retailers
4790,"443112, 44312","Radio, TV, and computer stores",,4795,443142,Electronics stores,,4795,443142,Electronics stores,,4796,4492,Electronics and appliance retailers
4870,4441 exc. 44413,Building material and supplies dealers  ,,4870,4441 exc. 44413,Building material and supplies dealers  ,,4870,4441 exc. 44413,Building material and supplies dealers  ,,4871,4441 exc. 44414,"Building material and supplies dealers, except hardware retailers"
4880,44413,Hardware stores ,,4880,44413,Hardware stores ,,4880,44413,Hardware stores ,,4881,44414,Hardware retailers 
4890,4442,Lawn and garden equipment and supplies stores ,,4890,4442,Lawn and garden equipment and supplies stores ,,4890,4442,Lawn and garden equipment and supplies stores ,,4891,4442,Lawn and garden equipment and supplies retailers 
4970,4451,Grocery stores ,,4970,4451,Grocery stores ,,4971,44511,Supermarkets and other grocery (except convenience) stores,,4971,44511,Supermarkets and other grocery (except convenience) retailers
,,,,,,,,4972,44512,Convenience stores,,4973,44513,Convenience retailers and vending machine operators
4980,4452,Specialty food stores,,4980,4452,Specialty food stores,,4980,4452,Specialty food stores,,4981,4452,Specialty food retailers
4990,4453,"Beer, wine, and liquor stores ",,4990,4453,"Beer, wine, and liquor stores ",,4990,4453,"Beer, wine, and liquor stores ",,4991,4453,"Beer, wine, and liquor retailers"
5070,44611,Pharmacies and drug stores ,,5070,44611,Pharmacies and drug stores ,,5070,44611,Pharmacies and drug stores ,,5071,45611,Pharmacies and drug retailers 
5080,446 exc. 44611,"Health and personal care, except drug, stores ",,5080,446 exc. 44611,"Health and personal care, except drug, stores ",,5080,446 exc. 44611,"Health and personal care, except drug, stores ",,5081,4561 exc. 45611,"Health and personal care, except pharmacies and drug, retailers "
5090,447,Gasoline stations ,,5090,447,Gasoline stations ,,5090,447,Gasoline stations ,,5090,4571,Gasoline stations 
5170,4481,Clothing stores ,,5170,4481,Clothing stores ,,5170,4481,Clothing stores ,,5171,4581,Clothing and clothing accessories retailers
5180,44821,Shoe stores ,,5180,44821,Shoe stores ,,5180,44821,Shoe stores ,,5181,4582,Shoe retailers 
5190,4483,"Jewelry, luggage, and leather goods stores ",,5190,4483,"Jewelry, luggage, and leather goods stores ",,5190,4483,"Jewelry, luggage, and leather goods stores ",,5191,4583,"Jewelry, luggage, and leather goods retailers "
5270,"44313, 45111, 45112","Sporting goods, camera, and hobby and toy stores ",,5275,"45111, 45112","Sporting goods, and hobby and toy stores ",,5275,"45111, 45112","Sporting goods, and hobby and toy stores ",,5276,"45911, 45912","Sporting goods, and hobby, toy, and game retailers"
5280,45113,"Sewing, needlework, and piece goods stores ",,5280,45113,"Sewing, needlework, and piece goods stores ",,5280,45113,"Sewing, needlework, and piece goods stores ",,5281,45913,"Sewing, needlework, and piece goods retailers "
5290,"45114, 45122",Music stores ,,5295,45114,Musical instrument and supplies stores ,,5295,45114,Musical instrument and supplies stores ,,5296,45914,Musical instrument and supplies retailers 
5370,45121,Book stores and news dealers ,,5370,45121,Book stores and news dealers ,,5370,45121,Book stores and news dealers ,,5371,45921,Book retailers and news dealers 
5380,45211,Department stores and discount stores                                    ,,5380,45211,Department stores and discount stores                                    ,,5381,45221,Department stores ,,5382,4551,Department stores
5390,4529,Miscellaneous general merchandise stores,,5390,4529,Miscellaneous general merchandise stores,,5391,4523,"General merchandise stores, including warehouse clubs and supercenters ",,5392,4552,"Warehouse clubs, supercenters, and other general merchandise retailers"
5470,4531,Retail florists,,5470,4531,Retail florists,,5470,4531,Florists,,5471,4593,Florists
5480,45321,Office supplies and stationery stores,,5480,45321,Office supplies and stationery stores,,5480,45321,Office supplies and stationery stores,,5481,45941,Office supplies and stationery retailers 
5490,4533,Used merchandise stores ,,5490,4533,Used merchandise stores ,,5490,4533,Used merchandise stores ,,5491,4595,Used merchandise retailers 
5570,45322,"Gift, novelty, and souvenir shops ",,5570,45322,"Gift, novelty, and souvenir shops ",,5570,45322,"Gift, novelty, and souvenir shops ",,5571,45942,"Gift, novelty, and souvenir retailers"
5580,4539,Miscellaneous retail stores ,,5580,4539,Miscellaneous retail stores ,,5580,4539,Miscellaneous retail stores ,,5392,4552,"Warehouse clubs, supercenters, and other general merchandise retailers"
,,,,,,,,,,,,5581,4599,Other miscellaneous retailers 
5590,454111,Electronic shopping   ,,5590,454111,Electronic shopping   ,,5593,454110,Electronic shopping and mail-order houses,,,,
5591,454112,Electronic auctions   ,,5591,454112,Electronic auctions   ,,5593,454110,Electronic shopping and mail-order houses,,,,
5592,454113,Mail order houses,,5592,454113,Mail-order houses,,5593,454110,Electronic shopping and mail-order houses,,4681,4412,Other motor vehicle dealers 
,,,,,,,,,,,,4691,4413,"Automotive parts, accessories, and tire retailers"
,,,,,,,,,,,,4871,4441 exc. 44414,"Building material and supplies dealers, except hardware retailers"
,,,,,,,,,,,,4881,44414,Hardware retailers 
,,,,,,,,,,,,4891,4442,Lawn and garden equipment and supplies retailers 
,,,,,,,,,,,,4973,44513,Convenience retailers and vending machine operators
,,,,,,,,,,,,4981,4452,Specialty food retailers
,,,,,,,,,,,,4991,4453,"Beer, wine, and liquor retailers"
,,,,,,,,,,,,4771,4491,Furniture and home furnishings retailers 
,,,,,,,,,,,,4796,4492,Electronics and appliance retailers
,,,,,,,,,,,,5382,4551,Department stores
,,,,,,,,,,,,5392,4552,"Warehouse clubs, supercenters, and other general merchandise retailers"
,,,,,,,,,,,,5071,45611,Pharmacies and drug retailers 
,,,,,,,,,,,,5081,4561 exc. 45611,"Health and personal care, except pharmacies and drug, retailers "
,,,,,,,,,,,,5171,4581,Clothing and clothing accessories retailers
,,,,,,,,,,,,5181,4582,Shoe retailers 
,,,,,,,,,,,,5191,4583,"Jewelry, luggage, and leather goods retailers "
,,,,,,,,,,,,5276,"45911, 45912","Sporting goods, and hobby, toy, and game retailers"
,,,,,,,,,,,,5281,45913,"Sewing, needlework, and piece goods retailers "
,,,,,,,,,,,,5296,45914,Musical instrument and supplies retailers 
,,,,,,,,,,,,5371,45921,Book retailers and news dealers 
,,,,,,,,,,,,5471,4593,Florists
,,,,,,,,,,,,5481,45941,Office supplies and stationery retailers 
,,,,,,,,,,,,5491,4595,Used merchandise retailers 
,,,,,,,,,,,,5571,45942,"Gift, novelty, and souvenir retailers"
,,,,,,,,,,,,5581,4599,Other miscellaneous retailers 
,,,,,,,,,,,,5791,"Part of 44, 45",Not specified retail trade
5670,4542,Vending machine operators ,,5670,4542,Vending machine operators ,,5670,4542,Vending machine operators ,,4973,44513,Convenience retailers and vending machine operators
5680,45431,Fuel dealers ,,5680,454310,Fuel dealers ,,5680,454310,Fuel dealers ,,5680,4572,Fuel dealers 
5690,45439,Other direct selling establishments,,5690,45439,Other direct selling establishments,,5690,45439,Other direct selling establishments,,4691,4413,"Automotive parts, accessories, and tire retailers"
,,,,,,,,,,,,4771,4491,Furniture and home furnishings retailers 
,,,,,,,,,,,,4796,4492,Electronics and appliance retailers
,,,,,,,,,,,,,,
,,,,,,,,,,,,4871,4441 exc. 44414,"Building material and supplies dealers, except hardware retailers"
,,,,,,,,,,,,4881,44414,Hardware retailers 
,,,,,,,,,,,,4891,4442,Lawn and garden equipment and supplies retailers 
,,,,,,,,,,,,4973,44513,Convenience retailers and vending machine operators
,,,,,,,,,,,,4981,4452,Specialty food retailers
,,,,,,,,,,,,4991,4453,"Beer, wine, and liquor retailers"
,,,,,,,,,,,,5071,45611,Pharmacies and drug retailers 
,,,,,,,,,,,,5081,4561 exc. 45611,"Health and personal care, except pharmacies and drug, retailers "
,,,,,,,,,,,,5171,4581,Clothing and clothing accessories retailers
,,,,,,,,,,,,5181,4582,Shoe retailers 
,,,,,,,,,,,,5191,4583,"Jewelry, luggage, and leather goods retailers "
,,,,,,,,,,,,5276,"45911, 45912","Sporting goods, and hobby, toy, and game retailers"
,,,,,,,,,,,,5281,45913,"Sewing, needlework, and piece goods retailers "
,,,,,,,,,,,,5296,45914,Musical instrument and supplies retailers 
,,,,,,,,,,,,5371,45921,Book retailers and news dealers 
,,,,,,,,,,,,5471,4593,Florists
,,,,,,,,,,,,5481,45941,Office supplies and stationery retailers 
,,,,,,,,,,,,5491,4595,Used merchandise retailers 
,,,,,,,,,,,,5571,45942,"Gift, novelty, and souvenir retailers"
,,,,,,,,,,,,5581,4599,Other miscellaneous retailers 
,,,,,,,,,,,,5791,"Part of 44, 45",Not specified retail trade
5790,"Part of 44, 45",Not specified retail trade,,5790,"Part of 44, 45",Not specified retail trade,,5790,"Part of 44, 45",Not specified retail trade,,5791,"Part of 44, 45",Not specified retail trade
6070,481,Air transportation ,,6070,481,Air transportation ,,6070,481,Air transportation ,,6070,481,Air transportation 
6080,482,Rail transportation ,,6080,482,Rail transportation ,,6080,482,Rail transportation ,,6080,482,Rail transportation 
6090,483,Water transportation ,,6090,483,Water transportation ,,6090,483,Water transportation ,,6090,483,Water transportation 
6170,484,Truck transportation ,,6170,484,Truck transportation ,,6170,484,Truck transportation ,,6170,484,Truck transportation 
6180,"4851, 4852, 4854, 4855, 4859 ",Bus service and urban transit ,,6180,"4851, 4852, 4854, 4855, 4859 ",Bus service and urban transit ,,6180,"4851, 4852, 4854, 4855, 4859 ",Bus service and urban transit ,,6180,"4851, 4852, 4854, 4855, 4859 ","Transit and ground passenger transportation, except taxi and limousine service"
6190,4853,Taxi and limousine service ,,6190,4853,Taxi and limousine service ,,6190,4853,Taxi and limousine service ,,6190,4853,Taxi and limousine service 
6270,486,Pipeline transportation ,,6270,486,Pipeline transportation ,,6270,486,Pipeline transportation ,,6270,486,Pipeline transportation 
6280,487,Scenic and sightseeing transportation ,,6280,487,Scenic and sightseeing transportation ,,6280,487,Scenic and sightseeing transportation ,,6280,487,Scenic and sightseeing transportation 
6290,488,Services incidental to transportation ,,6290,488,Services incidental to transportation ,,6290,488,Services incidental to transportation ,,6290,488,Support activities for transportation
6370,491,Postal Service ,,6370,491,Postal Service ,,6370,491,Postal Service ,,6370,491,Postal Service 
6380,492,Couriers and messengers ,,6380,492,Couriers and messengers ,,6380,492,Couriers and messengers ,,6380,492,Couriers and messengers 
6390,493,Warehousing and storage ,,6390,493,Warehousing and storage ,,6390,493,Warehousing and storage ,,6390,493,Warehousing and storage 
6470,51111,Newspaper publishers,,6470,51111,Newspaper publishers,,6470,51111,Newspaper publishers,,6471,51311,Newspaper publishers
6480,5111 exc. 51111 ,"Periodical, book, and directory publishers",,6480,5111 exc. 51111 ,"Periodical, book, and directory publishers",,6480,5111 exc. 51111 ,"Periodical, book, and directory publishers",,6481,5131 exc. 51311 ,"Periodical, book, and directory and mailing list, and other publishers"
6490,5112,Software publishers,,6490,5112,Software publishers,,6490,5112,Software publishers,,6490,5132,Software publishers
6570,5121,Motion pictures and video industries,,6570,5121,Motion pictures and video industries,,6570,5121,Motion pictures and video industries,,6570,5121,Motion pictures and video industries
6590,5122,Sound recording industries,,6590,5122,Sound recording industries,,6590,5122,Sound recording industries,,6590,5122,Sound recording industries
6670,515,Radio and television broadcasting and cable subscription programming,,6670,515,Radio and television broadcasting and cable subscription programming,,6670,515,Broadcasting (except internet),,6671,516,Broadcasting and content providers
6672,51913,Internet publishing and broadcasting and web search portals,,6672,51913,Internet publishing and broadcasting and web search portals,,6672,51913,Internet publishing and broadcasting and web search portals,,6471,51311,Newspaper publishers
,,,,,,,,,,,,6481,5131 exc. 51311 ,"Periodical, book, and directory and mailing list, and other publishers"
,,,,,,,,,,,,6671,516,Broadcasting and content providers
,,,,,,,,,,,,6781,51929,Web search portals and all other information services
6680,5171,Wired telecommunications carriers ,,6680,5171,Wired telecommunications carriers ,,6680,517311,Wired telecommunications carriers ,,6680,517111,Wired telecommunications carriers 
6690,517 exc. 5171,Other telecommunications services ,,6690,517 exc. 5171,Other telecommunications services ,,6690,517 exc. 517311,"Telecommunications, except wired telecommunications carriers ",,6690,517 exc. 517111,"Telecommunications, except wired telecommunications carriers "
6695,5182,"Data processing, hosting, and related services",,6695,5182,"Data processing, hosting, and related services",,6695,5182,"Data processing, hosting, and related services",,6695,5182,"Computing infrastructure providers, data processing, web hosting, and related services"
6770,51912,Libraries and archives,,6770,51912,Libraries and archives,,6770,51912,Libraries and archives,,6770,51921,Libraries and archives
6780,"5191 exc. 51912, 51913",Other information services,,6780,"5191 exc. 51912, 51913","Other information services, except libraries and archives, and internet publishing and broadcasting and web search portals",,6780,"5191 exc. 51912, 51913","Other information services, except libraries and archives, and internet publishing and broadcasting and web search portals",,6671,516,Broadcasting and content providers
,,,,,,,,,,,,6781,51929,Web search portals and all other information services
6870,"521, 52211,52219",Banking and related activities,,6870,"521, 52211,52219",Banking and related activities,,6870,"521, 52211,52219",Banking and related activities,,6871,"521, 52211","Monetary authorities-central bank, and commercial banking"
,,,,,,,,,,,,6881,"52213, 52218","Credit unions, and savings institutions and other depository credit intermediation"
6880,"52212, 52213","Savings institutions, including credit unions ",,6880,"52212, 52213","Savings institutions, including credit unions ",,6880,"52212, 52213","Savings institutions, including credit unions ",,6881,"52213, 52218","Credit unions, and savings institutions and other depository credit intermediation"
6890,"5222, 5223",Non-depository credit and related activities,,6890,"5222, 5223",Nondepository credit and related activities,,6890,"5222, 5223",Nondepository credit and related activities,,6890,"5222, 5223",Nondepository credit intermediation and related activities 
6970,"523, 525","Securities, commodities, funds, trusts, and other financial investments",,6970,"523, 525","Securities, commodities, funds, trusts, and other financial investments",,6970,"523, 525","Securities, commodities, funds, trusts, and other financial investments",,6970,"523, 525","Securities, commodities, funds, trusts, and other financial investments"
6990,524,Insurance carriers and related activities ,,6990,524,Insurance carriers and related activities ,,6991,5241,Insurance carriers,,6991,5241,Insurance carriers
,,,,,,,,6992,5242,"Agencies, brokerages, and other insurance related activities",,6992,5242,"Agencies, brokerages, and other insurance related activities"
7070,531,Real estate ,,7070,531,Real estate ,,7071,"5311, 5312","Lessors of real estate, and offices of real estate agents and brokers",,7071,"5311, 5312","Lessors of real estate, and offices of real estate agents and brokers"
,,,,,,,,7072,5313,"Real estate property managers, offices of real estate appraisers, and other activities related to real estate ",,7072,5313,Activities related to real estate
7080,5321,Automotive equipment rental and leasing ,,7080,5321,Automotive equipment rental and leasing ,,7080,5321,Automotive equipment rental and leasing ,,7080,5321,Automotive equipment rental and leasing 
7170,53223,Video tape and disk rental ,,7170,53223,Video tape and disk rental ,,7181,"53221, 532281, 532282, 532283, 532284, 532289, 5323",Other consumer goods rental,,7181,"5322, 5323","Consumer goods rental, and general rental centers"
7180,"53221, 53222, 53229, 5323",Other consumer goods rental,,7180,"53221, 53222, 53229, 5323",Other consumer goods rental,,7181,"53221, 532281, 532282, 532283, 532284, 532289, 5323",Other consumer goods rental,,,,
7190,"5324, 533","Commercial, industrial, and other intangible assets rental and leasing",,7190,"5324, 533","Commercial, industrial, and other intangible assets rental and leasing",,7190,"5324, 533","Commercial, industrial, and other intangible assets rental and leasing",,7190,"5324, 533","Commercial and industrial machinery and equipment, and nonfinancial intangible assets rental and leasing"
7270,5411,Legal services ,,7270,5411,Legal services ,,7270,5411,Legal services ,,7270,5411,Legal services 
7280,5412,"Accounting, tax preparation, bookkeeping, and payroll services",,7280,5412,"Accounting, tax preparation, bookkeeping, and payroll services",,7280,5412,"Accounting, tax preparation, bookkeeping, and payroll services",,7280,5412,"Accounting, tax preparation, bookkeeping, and payroll services"
7290,5413,"Architectural, engineering, and related services ",,7290,5413,"Architectural, engineering, and related services ",,7290,5413,"Architectural, engineering, and related services ",,7290,5413,"Architectural, engineering, and related services "
7370,5414,Specialized design services ,,7370,5414,Specialized design services ,,7370,5414,Specialized design services ,,7370,5414,Specialized design services 
7380,5415,Computer systems design and related services ,,7380,5415,Computer systems design and related services ,,7380,5415,Computer systems design and related services ,,7380,5415,Computer systems design and related services 
7390,5416,"Management, scientific, and technical consulting services",,7390,5416,"Management, scientific, and technical consulting services",,7390,5416,"Management, scientific, and technical consulting services",,7390,5416,"Management, scientific, and technical consulting services"
7460,5417,Scientific research and development services ,,7460,5417,Scientific research and development services ,,7460,5417,Scientific research and development services ,,7460,5417,Scientific research and development services 
7470,5418,Advertising and related services ,,7470,5418,"Advertising, public relations, and related services ",,7470,5418,"Advertising, public relations, and related services ",,7470,5418,"Advertising, public relations, and related services"
7480,54194,Veterinary services ,,7480,54194,Veterinary services ,,7480,54194,Veterinary services ,,7480,54194,Veterinary services 
7490,5419 exc. 54194,"Other professional, scientific, and technical services ",,7490,5419 exc. 54194,"Other professional, scientific, and technical services ",,7490,5419 exc. 54194,"Other professional, scientific, and technical services ",,7490,5419 exc. 54194,"Other professional, scientific, and technical, except veterinary, services"
7570,55,Management of companies and enterprises ,,7570,55,Management of companies and enterprises ,,7570,55,Management of companies and enterprises ,,7570,55,Management of companies and enterprises 
7580,5613,Employment services ,,7580,5613,Employment services ,,7580,5613,Employment services ,,7580,5613,Employment services 
7590,5614,Business support services ,,7590,5614,Business support services ,,7590,5614,Business support services ,,7590,5614,Business support services 
7670,5615,Travel arrangements and reservation services ,,7670,5615,Travel arrangements and reservation services ,,7670,5615,Travel arrangements and reservation services ,,7670,5615,Travel arrangements and reservation services 
7680,5616,Investigation and security services ,,7680,5616,Investigation and security services ,,7680,5616,Investigation and security services ,,7680,5616,Investigation and security services 
7690,5617 exc. 56173,Services to buildings and dwellings (except cleaning during construction and immediately after construction) ,,7690,5617 exc. 56173,Services to buildings and dwellings (except cleaning during construction and immediately after construction) ,,7690,5617 exc. 56173,Services to buildings and dwellings (except cleaning during construction and immediately after construction) ,,7690,5617 exc. 56173,"Services to buildings and dwellings, except landscaping services"
7770,56173,Landscaping services,,7770,56173,Landscaping services,,7770,56173,Landscaping services,,7770,56173,Landscaping services
7780,"5611, 5612, 5619",Other administrative and other support services ,,7780,"5611, 5612, 5619",Other administrative and other support services ,,7780,"5611, 5612, 5619",Other administrative and other support services ,,7780,"5611, 5612, 5619",Other administrative and other support services 
7790,562,Waste management and remediation services ,,7790,562,Waste management and remediation services ,,7790,562,Waste management and remediation services ,,7790,562,Waste management and remediation services 
7860,6111,Elementary and secondary schools ,,7860,6111,Elementary and secondary schools ,,7860,6111,Elementary and secondary schools ,,7860,6111,Elementary and secondary schools 
7870,"6112, 6113","Colleges and universities, including junior colleges ",,7870,"6112, 6113","Colleges, universities, and professional schools, including junior colleges ",,7870,"6112, 6113","Colleges, universities, and professional schools, including junior colleges ",,7870,"6112, 6113","Junior colleges, colleges, universities, and professional schools"
7880,"6114, 6115","Business, technical, and trade schools and training ",,7880,"6114, 6115","Business, technical, and trade schools and training ",,7880,"6114, 6115","Business, technical, and trade schools and training ",,7880,"6114, 6115","Business, trade and technical schools, and computer and management training"
7890,"6116, 6117","Other schools and instruction, and educational support services ",,7890,"6116, 6117","Other schools and instruction, and educational support services ",,7890,"6116, 6117","Other schools and instruction, and educational support services ",,7890,"6116, 6117","Other schools and instruction, and educational support services "
7970,6211,Offices of physicians ,,7970,6211,Offices of physicians ,,7970,6211,Offices of physicians ,,7970,6211,Offices of physicians 
7980,6212,Offices of dentists ,,7980,6212,Offices of dentists ,,7980,6212,Offices of dentists ,,7980,6212,Offices of dentists 
7990,62131,Offices of chiropractors ,,7990,62131,Offices of chiropractors ,,7990,62131,Offices of chiropractors ,,7990,62131,Offices of chiropractors 
8070,62132,Offices of optometrists ,,8070,62132,Offices of optometrists ,,8070,62132,Offices of optometrists ,,8070,62132,Offices of optometrists 
8080,"6213 exc. 62131, 62132",Offices of other health practitioners  ,,8080,"6213 exc. 62131, 62132",Offices of other health practitioners  ,,8080,"6213 exc. 62131, 62132",Offices of other health practitioners  ,,8080,"6213 exc. 62131, 62132",Offices of other health practitioners  
8090,6214,Outpatient care centers ,,8090,6214,Outpatient care centers ,,8090,6214,Outpatient care centers ,,8090,6214,Outpatient care centers 
8170,6216,Home health care services ,,8170,6216,Home health care services ,,8170,6216,Home health care services ,,8170,6216,Home health care services 
8180,"6215, 6219",Other health care services ,,8180,"6215, 6219",Other health care services ,,8180,"6215, 6219",Other health care services ,,8180,"6215, 6219",Other health care services 
8190,622,Hospitals ,,8190,622,Hospitals ,,8191,"6221, 6223","General medical and surgical hospitals, and specialty (except psychiatric and substance abuse) hospitals",,8191,"6221, 6223","General medical and surgical hospitals, and specialty (except psychiatric and substance abuse) hospitals"
,,,,,,,,8192,6222,Psychiatric and substance abuse hospitals,,8192,6222,Psychiatric and substance abuse hospitals
8270,6231,Nursing care facilities ,,8270,6231,Nursing care facilities (skilled nursing facilities),,8270,6231,Nursing care facilities (skilled nursing facilities),,8270,6231,Nursing care facilities (skilled nursing facilities)
8290,"6232, 6233, 6239","Residential care facilities, without nursing ",,8290,"6232, 6233, 6239","Residential care facilities, except skilled nursing facilities",,8290,"6232, 6233, 6239","Residential care facilities, except skilled nursing facilities",,8290,"6232, 6233, 6239","Residential care facilities, except skilled nursing facilities"
8370,6241,Individual and family services ,,8370,6241,Individual and family services ,,8370,6241,Individual and family services ,,8370,6241,Individual and family services 
8380,6242,"Community food and housing, and emergency services ",,8380,6242,"Community food and housing, and emergency services ",,8380,6242,"Community food and housing, and emergency services ",,8380,6242,"Community food and housing, and emergency and other relief services"
8390,6243,Vocational rehabilitation services ,,8390,6243,Vocational rehabilitation services ,,8390,6243,Vocational rehabilitation services ,,8390,6243,Vocational rehabilitation services 
8470,6244,Child day care services ,,8470,6244,Child day care services ,,8470,6244,Child day care services ,,8470,6244,Child care services 
8560,711,"Independent artists, performing arts, spectator sports, and related industries",,8560,711,"Performing arts, spectator sports, and related industries",,8561,7111,Performing arts companies ,,8561,7111,Performing arts companies 
,,,,,,,,8562,7112,Spectator sports,,8562,7112,Spectator sports
,,,,,,,,8563,"7113, 7114","Promoters of performing arts, sports, and similar events, agents and managers for artists, athletes, entertainers, and other public figures ",,8563,"7113, 7114","Promoters of performing arts, sports, and similar events, agents and managers for artists, athletes, entertainers, and other public figures "
,,,,,,,,8564,7115,"Independent artists, writers, and performers",,8564,7115,"Independent artists, writers, and performers"
8570,712,"Museums, art galleries, historical sites, and similar institutions",,8570,712,"Museums, art galleries, historical sites, and similar institutions",,8570,712,"Museums, art galleries, historical sites, and similar institutions",,8570,712,"Museums, historical sites, and similar institutions"
8580,71395,Bowling centers ,,8580,71395,Bowling centers ,,8580,71395,Bowling centers ,,8580,71395,Bowling centers 
8590,713 exc. 71395,"Other amusement, gambling, and recreation industries   ",,8590,713 exc. 71395,"Other amusement, gambling, and recreation industries   ",,8590,713 exc. 71395,"Other amusement, gambling, and recreation industries   ",,8590,713 exc. 71395,"Other amusement, gambling, and recreation industries   "
8660,7211,Traveler accommodation ,,8660,7211,Traveler accommodation ,,8660,7211,Traveler accommodation ,,8660,7211,Traveler accommodation 
8670,"7212, 7213","Recreational vehicle parks and camps, and rooming and boarding houses",,8670,"7212, 7213","Recreational vehicle parks and camps, and rooming and boarding houses",,8670,"7212, 7213","Recreational vehicle parks and camps, and rooming and boarding houses, dormitories, and workers' camps",,8670,"7212, 7213","Recreational vehicle parks and camps, and rooming and boarding houses, dormitories, and workers' camps"
8680,722 exc. 7224,Restaurants and other food services ,,8680,722 exc. 7224,Restaurants and other food services ,,8680,722 exc. 7224,Restaurants and other food services ,,8680,722 exc. 7224,"Food services and drinking places, except alcoholic beverages"
8690,7224,"Drinking places, alcoholic beverages ",,8690,7224,"Drinking places, alcoholic beverages ",,8690,7224,"Drinking places, alcoholic beverages ",,8690,7224,Drinking places (alcoholic beverages)
8770,8111 exc. 811192,Automotive repair and maintenance ,,8770,8111 exc. 811192,Automotive repair and maintenance ,,8770,8111 exc. 811192,Automotive repair and maintenance ,,8770,8111 exc. 811192,"Automotive repair and maintenance, except car washes"
8780,811192,Car washes,,8780,811192,Car washes,,8780,811192,Car washes,,8780,811192,Car washes
8790,8112,Electronic and precision equipment repair and maintenance,,8790,8112,Electronic and precision equipment repair and maintenance,,8790,8112,Electronic and precision equipment repair and maintenance,,8790,8112,Electronic and precision equipment repair and maintenance
8870,8113,Commercial and industrial machinery and equipment repair and maintenance,,8870,8113,Commercial and industrial machinery and equipment repair and maintenance,,8870,8113,Commercial and industrial machinery and equipment repair and maintenance,,8870,8113,Commercial and industrial machinery and equipment repair and maintenance
8880,8114 exc. 81143,Personal and household goods repair and maintenance ,,8880,8114 exc. 81143,Personal and household goods repair and maintenance ,,8891,8114,Personal and household goods repair and maintenance ,,8891,8114,Personal and household goods repair and maintenance 
8890,81143,Footwear and leather goods repair ,,8890,81143,Footwear and leather goods repair ,,8891,8114,Personal and household goods repair and maintenance ,,,,
8970,812111,Barber shops ,,8970,812111,Barber shops ,,8970,812111,Barber shops ,,8970,812111,Barber shops 
8980,812112,Beauty salons ,,8980,812112,Beauty salons ,,8980,812112,Beauty salons ,,8980,812112,Beauty salons 
8990,"812113, 81219",Nail salons and other personal care services  ,,8990,"812113, 81219",Nail salons and other personal care services  ,,8990,"812113, 81219",Nail salons and other personal care services  ,,8990,"812113, 81219",Nail salons and other personal care services  
9070,8123,Drycleaning and laundry services ,,9070,8123,Drycleaning and laundry services ,,9070,8123,Drycleaning and laundry services ,,9070,8123,Drycleaning and laundry services 
9080,8122,"Funeral homes, and cemeteries and crematories ",,9080,8122,"Funeral homes, and cemeteries and crematories ",,9080,8122,"Funeral homes, and cemeteries and crematories ",,9080,8122,Death care services 
9090,8129,Other personal services ,,9090,8129,Other personal services ,,9090,8129,Other personal services ,,9090,8129,Other personal services 
9160,8131,Religious organizations ,,9160,8131,Religious organizations ,,9160,8131,Religious organizations ,,9160,8131,Religious organizations 
9170,"8132, 8133, 8134","Civic, social, advocacy organizations, and grantmaking and giving services",,9170,"8132, 8133, 8134","Civic, social, advocacy organizations, and grantmaking and giving services",,9170,"8132, 8133, 8134","Civic, social, advocacy organizations, and grantmaking and giving services",,9170,"8132, 8133, 8134","Civic, social, advocacy organizations, and grantmaking and giving services"
9180,81393,Labor unions,,9180,81393,Labor unions,,9180,81393,Labor unions,,9180,81393,Labor unions and similar labor organizations
9190,8139 exc. 81393,"Business, professional, political, and similar organizations",,9190,8139 exc. 81393,"Business, professional, political, and similar organizations",,9190,8139 exc. 81393,"Business, professional, political, and similar organizations",,9190,8139 exc. 81393,"Business, professional, political, and similar organizations"
9290,814,Private households ,,9290,814,Private households ,,9290,814,Private households ,,9290,814,Private households 
9370,"92111, 92112, 92114, pt. 92115",Executive offices and legislative bodies ,,9370,"92111, 92112, 92114, pt. 92115",Executive offices and legislative bodies ,,9370,"92111, 92112, 92114, pt. 92115",Executive offices and legislative bodies ,,9370,"92111, 92112, 92114, pt. 92115",Executive offices and legislative bodies 
9380,92113,Public finance activities ,,9380,92113,Public finance activities ,,9380,92113,Public finance activities ,,9380,92113,Public finance activities 
9390,92119,Other general government and support ,,9390,92119,Other general government and support ,,9390,92119,Other general government and support ,,9390,92119,Other general government and support 
9470,"922, pt. 92115","Justice, public order, and safety activities ",,9470,"922, pt. 92115","Justice, public order, and safety activities ",,9470,"922, pt. 92115","Justice, public order, and safety activities ",,9470,"922, pt. 92115","Justice, public order, and safety activities "
9480,923,Administration of human resource programs  ,,9480,923,Administration of human resource programs  ,,9480,923,Administration of human resource programs  ,,9480,923,Administration of human resource programs  
9490,"924, 925",Administration of environmental quality and housing programs ,,9490,"924, 925",Administration of environmental quality and housing programs ,,9490,"924, 925",Administration of environmental quality and housing programs ,,9490,"924, 925","Administration of environmental quality, and housing programs, urban planning and community development"
9570,"926, 927",Administration of economic programs and space research,,9570,"926, 927",Administration of economic programs and space research,,9570,"926, 927",Administration of economic programs and space research,,9570,"926, 927",Administration of economic programs and space research and technology
9590,928,National security and international affairs ,,9590,928,National security and international affairs ,,9590,928,National security and international affairs ,,9590,"92812, pt. 92811",National security and international affairs
9670,928110,U. S. Army,,9670,928110,U. S. Army,,9670,928110,U. S. Army,,9670,pt. 92811,U. S. Army
9680,928110,U. S. Air Force,,9680,928110,U. S. Air Force,,9680,928110,U. S. Air Force,,9680,pt. 92811,U. S. Air Force
9690,928110,U. S. Navy,,9690,928110,U. S. Navy,,9690,928110,U. S. Navy,,9690,pt. 92811,U. S. Navy
9770,928110,U. S. Marines,,9770,928110,U. S. Marines,,9770,928110,U. S. Marines,,9770,pt. 92811,U. S. Marines
9780,928110,U. S. Coast Guard,,9780,928110,U. S. Coast Guard,,9780,928110,U. S. Coast Guard,,9780,pt. 92811,U. S. Coast Guard
9790,928110,"Armed Forces, Branch not specified",,9790,928110,"Armed Forces, Branch not specified",,9790,928110,"Armed Forces, Branch not specified",,9790,pt. 92811,"Armed Forces, Branch not specified"
9870,928110,Military Reserves or National Guard,,9870,928110,Military Reserves or National Guard,,9870,928110,Military Reserves or National Guard,,9870,pt. 92811,Military Reserves or National Guard
9920,,"Unemployed, last worked 5 years ago or earlier or never worked",,9920,,"Unemployed, last worked 5 years ago or earlier or never worked",,9920,,"Unemployed, last worked 5 years ago or earlier or never worked",,9920,,"Unemployed, last worked 5 years ago or earlier or never worked"
